{"train_step_loss": [1.520593523979187, 16.14238166809082, 13.40493106842041, 36.27848434448242], "train_epoch_loss": [16.83293342590332], "train_step_perplexity": [4.574939727783203, 10245833.0, 663265.8125, 5695679611535360.0], "train_epoch_perplexity": [20438552.0], "val_step_loss": [11.584781646728516, 11.593894958496094, 11.544676780700684, 11.565629005432129], "val_epoch_loss": [11.606771469116211], "val_step_perplexity": [107450.078125, 108433.78125, 103226.078125, 105411.7109375], "val_epoch_perplexity": [109839.0546875]}