{"train_step_loss": [1.5501692295074463, 16.027299880981445, 13.540436744689941, 36.27604293823242], "train_epoch_loss": [16.83293342590332], "train_step_perplexity": [4.7122673988342285, 9132042.0, 759516.0625, 5681791297912832.0], "train_epoch_perplexity": [20438552.0], "val_step_loss": [11.597010612487793, 11.659418106079102, 11.533596992492676, 11.56322956085205], "val_epoch_loss": [11.606771469116211], "val_step_perplexity": [108772.1484375, 115776.640625, 102088.6640625, 105159.078125], "val_epoch_perplexity": [109839.0546875]}