{"train_step_loss": [1.557018756866455, 16.156429290771484, 13.459107398986816, 36.0274543762207], "train_epoch_loss": [16.83293342590332], "train_step_perplexity": [4.744655132293701, 10390779.0, 700190.25, 4431233454964736.0], "train_epoch_perplexity": [20438552.0], "val_step_loss": [11.578429222106934, 11.668710708618164, 11.648575782775879, 11.643317222595215], "val_epoch_loss": [11.606771469116211], "val_step_perplexity": [106769.671875, 116857.5234375, 114528.1328125, 113927.4609375], "val_epoch_perplexity": [109839.0546875]}