{"train_step_loss": [1.5514423847198486, 16.092201232910156, 13.549546241760254, 36.46525192260742], "train_epoch_loss": [16.83293342590332], "train_step_perplexity": [4.718270778656006, 9744380.0, 766466.5, 6865271146938368.0], "train_epoch_perplexity": [20438552.0], "val_step_loss": [11.618041038513184, 11.604689598083496, 11.603432655334473, 11.69039535522461], "val_epoch_loss": [11.606771469116211], "val_step_perplexity": [111083.8984375, 109610.625, 109472.9375, 119419.2109375], "val_epoch_perplexity": [109839.0546875]}