{"train_step_loss": [1.557279348373413, 16.114574432373047, 13.553829193115234, 36.10279083251953], "train_epoch_loss": [16.83293342590332], "train_step_perplexity": [4.745891571044922, 9964850.0, 769756.25, 4777963748851712.0], "train_epoch_perplexity": [20438552.0], "val_step_loss": [11.606545448303223, 11.557077407836914, 11.584585189819336, 11.512699127197266], "val_epoch_loss": [11.606771469116211], "val_step_perplexity": [109814.234375, 104514.1171875, 107428.96875, 99977.3671875], "val_epoch_perplexity": [109839.0546875]}