{"train_step_loss": [1.5632494688034058, 16.226167678833008, 13.60915470123291, 35.88508224487305], "train_epoch_loss": [16.83293342590332], "train_step_perplexity": [4.774310111999512, 11141280.0, 813543.5, 3843201966276608.0], "train_epoch_perplexity": [20438552.0], "val_step_loss": [11.597208976745605, 11.632623672485352, 11.626872062683105, 11.583017349243164], "val_epoch_loss": [11.606771469116211], "val_step_perplexity": [108793.7265625, 112715.6640625, 112069.2265625, 107260.671875], "val_epoch_perplexity": [109839.0546875]}