{"train_step_loss": [1.5334722995758057, 16.18307876586914, 13.46673583984375, 35.96524429321289], "train_epoch_loss": [16.83293342590332], "train_step_perplexity": [4.63424015045166, 10671410.0, 705552.0625, 4163965693198336.0], "train_epoch_perplexity": [20438552.0], "val_step_loss": [11.671294212341309, 11.664021492004395, 11.582072257995605, 11.585963249206543], "val_epoch_loss": [11.606771469116211], "val_step_perplexity": [117159.8125, 116310.8359375, 107159.3515625, 107577.1171875], "val_epoch_perplexity": [109839.0546875]}