{"train_step_loss": [1.5274372100830078, 16.182069778442383, 13.500222206115723, 36.08469009399414], "train_epoch_loss": [16.83293342590332], "train_step_perplexity": [4.606356620788574, 10660648.0, 729578.4375, 4692257139589120.0], "train_epoch_perplexity": [20438552.0], "val_step_loss": [11.602627754211426, 11.663935661315918, 11.608885765075684, 11.639416694641113], "val_epoch_loss": [11.606771469116211], "val_step_perplexity": [109384.859375, 116300.8515625, 110071.5390625, 113483.953125], "val_epoch_perplexity": [109839.0546875]}